Jordi,aaaaaaaaaa,2021-11-03
jose,mad,2021-07-09
Jordi,aaaaaaaaaa,2021-11-03
Jordi,aaaaaaaaaa,2021-11-03
Jordi,aaaaaaaaaa,2021-11-03
Jordi,aaaaaaaaaa,2021-11-03
Jordi,aaaaaaaaaa,2021-11-03
Jordi,aaaaaaaaaa,2021-11-03
Jordi,aaaaaaaaaa,2021-11-03
Jordi,aaaaaaaaaa,2021-11-03
Jordi,aaaaaaaaaa,2021-11-03
Jordi,aaaaaaaaaa,2021-11-03
Jordi,aaaaaaaaaa,2021-11-03
Jordi,aaaaaaaaaa,2021-11-03
Jordi,aaaaaaaaaa,2021-11-03
Jordi,aaaaaaaaaa,2021-11-03
Jordi,aaaaaaaaaa,2021-11-03
Jordi,aaaaaaaaaa,2021-11-03
Jordi,aaaaaaaaaa,2021-11-03
Jordi,aaaaaaaaaa,2021-11-03
Jordi,aaaaaaaaaa,2021-11-03
Jordi,aaaaaaaaaa,2021-11-03
Jordi,aaaaaaaaaa,2021-11-03
Jordi,aaaaaaaaaa,2021-11-03
Jordi,aaaaaaaaaa,2021-11-03
Jordi,aaaaaaaaaa,2021-11-03
Jordi,aaaaaaaaaa,2021-11-03
Jordi,aaaaaaaaaa,2021-11-03
Jordi,aaaaaaaaaa,2021-11-03
Jordi,aaaaaaaaaa,2021-11-03
Jordi,aaaaaaaaaa,2021-11-03
Jordi,aaaaaaaaaa,2021-11-03
Jordi,aaaaaaaaaa,2021-11-03
Jordi,aaaaaaaaaa,2021-11-03
Jordi,aaaaaaaaaa,2021-11-03
Jordi,aaaaaaaaaa,2021-11-03
Jordi,aaaaaaaaaa,2021-11-03
Jordi,aaaaaaaaaa,2021-11-03
Jordi,aaaaaaaaaa,2021-11-03
Jordi,aaaaaaaaaa,2021-11-03
Jordi,aaaaaaaaaa,2021-11-03
Jordi,aaaaaaaaaa,2021-11-03
Jordi,aaaaaaaaaa,2021-11-03
Jordi,aaaaaaaaaa,2021-11-03
Jordi,aaaaaaaaaa,2021-11-03
Jordi,aaaaaaaaaa,2021-11-03
Jordi,aaaaaaaaaa,2021-11-03
Jordi,aaaaaaaaaa,2021-11-03
Jordi,aaaaaaaaaa,2021-11-03
Jordi,aaaaaaaaaa,2021-11-03
Jordi,aaaaaaaaaa,2021-11-03
Jordi,aaaaaaaaaa,2021-11-03
Jordi,aaaaaaaaaa,2021-11-03
Jordi,aaaaaaaaaa,2021-11-03
Jordi,aaaaaaaaaa,2021-11-03
Jordi,aaaaaaaaaa,2021-11-03
Jordi,aaaaaaaaaa,2021-11-03
Jordi,aaaaaaaaaa,2021-11-03
Jordi,aaaaaaaaaa,2021-11-03
Jordi,aaaaaaaaaa,2021-11-03
Jordi,aaaaaaaaaa,2021-11-03
Jordi,aaaaaaaaaa,2021-11-03
Jordi,aaaaaaaaaa,2021-11-03
Jordi,aaaaaaaaaa,2021-11-03
Jordi,aaaaaaaaaa,2021-11-03
Jordi,aaaaaaaaaa,2021-11-03
Jordi,aaaaaaaaaa,2021-11-03
Jordi,aaaaaaaaaa,2021-11-03
Jordi,aaaaaaaaaa,2021-11-03
Jordi,aaaaaaaaaa,2021-11-03
Jordi,aaaaaaaaaa,2021-11-03
Jordi,aaaaaaaaaa,2021-11-03
Jordi,aaaaaaaaaa,2021-11-03
Jordi,aaaaaaaaaa,2021-11-03
Jordi,aaaaaaaaaa,2021-11-03
Jordi,aaaaaaaaaa,2021-11-03
Jordi,aaaaaaaaaa,2021-11-03
Jordi,aaaaaaaaaa,2021-11-03
Jordi,aaaaaaaaaa,2021-11-03
Jordi,aaaaaaaaaa,2021-11-03
Jordi,aaaaaaaaaa,2021-11-03
Jordi,aaaaaaaaaa,2021-11-03
Jordi,aaaaaaaaaa,2021-11-03
Jordi,aaaaaaaaaa,2021-11-03
Jordi,aaaaaaaaaa,2021-11-03
Jordi,aaaaaaaaaa,2021-11-03
Jordi,aaaaaaaaaa,2021-11-03
Jordi,aaaaaaaaaa,2021-11-03
Jordi,aaaaaaaaaa,2021-11-03
Jordi,aaaaaaaaaa,2021-11-03
Jordi,aaaaaaaaaa,2021-11-03
Jordi,aaaaaaaaaa,2021-11-03
Jordi,aaaaaaaaaa,2021-11-03
Jordi,aaaaaaaaaa,2021-11-03
Jordi,aaaaaaaaaa,2021-11-03
Jordi,aaaaaaaaaa,2021-11-03
Jordi,aaaaaaaaaa,2021-11-03
Jordi,aaaaaaaaaa,2021-11-03
Jordi,aaaaaaaaaa,2021-11-03
Jordi,aaaaaaaaaa,2021-11-03
Jordi,aaaaaaaaaa,2021-11-03